php_version,runtime_profile,execution_environment,opcache_enable,opcache_enable_cli,opcache_jit,opcache_jit_buffer_size,opcache_memory_consumption,opcache_validate_timestamps,error_reporting,scenario,detail,router,size,iterations,revolutions,median_ns,mean_ns,min_ns,max_ns,stddev_ns,rsd_percent,ops_per_second,requests_per_second,requests_per_minute,relative,source
8.4.1,opcache,native_host,1,1,0,0,128,0,8191,cold_start,,AltoRouter,10,9,1,1039000,1042111.1111111,1014000,1083000,23057.630428725,2.2125884834047,959.59057468814,959.59057468814,57575.434481289,1,20260722-101702-full-opcache.xml
8.4.1,opcache,native_host,1,1,0,0,128,0,8191,cold_start,,"Bramus Router",10,9,1,1284000,1276444.4444444,1224000,1340000,39282.767245564,3.0775148434025,783.42618384404,783.42618384404,47005.571030642,1.2248640580019,20260722-101702-full-opcache.xml
8.4.1,opcache,native_host,1,1,0,0,128,0,8191,cold_start,,FastRoute,10,9,1,1741000,1745666.6666667,1678000,1803000,41454.124576988,2.3746872967532,572.84704983768,572.84704983768,34370.822990261,1.6751252798806,20260722-101702-full-opcache.xml
8.4.1,opcache,native_host,1,1,0,0,128,0,8191,cold_start,,"Ariel Radix Router",10,9,1,3031000,3012444.4444444,2943000,3075000,46735.927438965,1.5514286919102,331.95632930068,331.95632930068,19917.379758041,2.8907132956605,20260722-101702-full-opcache.xml
8.4.1,opcache,native_host,1,1,0,0,128,0,8191,cold_start,,"Simple PHP Router",10,9,1,4102000,4143555.5555556,4005000,4301000,104657.23005349,2.5257831987595,241.33862490614,241.33862490614,14480.317494369,3.9761168568078,20260722-101702-full-opcache.xml
8.4.1,opcache,native_host,1,1,0,0,128,0,8191,cold_start,,"Symfony Routing",10,9,1,5311000,5277444.4444444,5070000,5388000,89682.292456465,1.6993507634339,189.48565172537,189.48565172537,11369.139103522,5.0641859473292,20260722-101702-full-opcache.xml
8.4.1,opcache,native_host,1,1,0,0,128,0,8191,cold_start,,"Illuminate Routing",10,9,1,26513000,26330000,25614000,26910000,382218.37853365,1.4516459496151,37.97949107482,37.97949107482,2278.7694644892,25.266019831539,20260722-101702-full-opcache.xml
8.4.1,opcache,native_host,1,1,0,0,128,0,8191,cold_start,,AltoRouter,100,9,1,1194000,1189222.2222222,1162000,1218000,19870.568843716,1.670887784672,840.88573297208,840.88573297208,50453.143978325,1,20260722-101702-full-opcache.xml
8.4.1,opcache,native_host,1,1,0,0,128,0,8191,cold_start,,"Bramus Router",100,9,1,1376000,1385222.2222222,1364000,1421000,18907.833636869,1.36496753615,721.90583139489,721.90583139489,43314.349883694,1.1648136036625,20260722-101702-full-opcache.xml
8.4.1,opcache,native_host,1,1,0,0,128,0,8191,cold_start,,FastRoute,100,9,1,1860000,1855666.6666667,1791000,1924000,39693.268390945,2.1390300911233,538.88988683311,538.88988683311,32333.393209987,1.5604036251519,20260722-101702-full-opcache.xml
8.4.1,opcache,native_host,1,1,0,0,128,0,8191,cold_start,,"Ariel Radix Router",100,9,1,3371000,3354888.8888889,3192000,3505000,88772.423701713,2.6460615132656,298.07246472809,298.07246472809,17884.347883685,2.8210782023732,20260722-101702-full-opcache.xml
8.4.1,opcache,native_host,1,1,0,0,128,0,8191,cold_start,,"Simple PHP Router",100,9,1,4460000,4551333.3333333,4398000,4752000,140394.68176062,3.0846934618564,219.71583418779,219.71583418779,13182.950051267,3.8271512660002,20260722-101702-full-opcache.xml
8.4.1,opcache,native_host,1,1,0,0,128,0,8191,cold_start,,"Symfony Routing",100,9,1,6494000,6457111.1111111,6181000,6655000,139974.95366787,2.1677643648876,154.86801803352,154.86801803352,9292.0810820112,5.4296926095488,20260722-101702-full-opcache.xml
8.4.1,opcache,native_host,1,1,0,0,128,0,8191,cold_start,,"Illuminate Routing",100,9,1,27791000,27634777.777778,26717000,28154000,412815.20691676,1.4938249557727,36.186287005504,36.186287005504,2171.1772203302,23.237690367187,20260722-101702-full-opcache.xml
8.4.1,opcache,native_host,1,1,0,0,128,0,8191,cold_start,,AltoRouter,1000,9,1,2354000,2373555.5555556,2321000,2458000,45191.226068566,1.9039464217634,421.30886621102,421.30886621102,25278.531972661,1,20260722-101702-full-opcache.xml
8.4.1,opcache,native_host,1,1,0,0,128,0,8191,cold_start,,"Bramus Router",1000,9,1,2892000,2925111.1111111,2844000,3032000,74086.202710753,2.5327654197249,341.86735546608,341.86735546608,20512.041327965,1.2323752457635,20260722-101702-full-opcache.xml
8.4.1,opcache,native_host,1,1,0,0,128,0,8191,cold_start,,FastRoute,1000,9,1,4021000,3987222.2222222,3788000,4068000,83494.215072766,2.0940446862335,250.80117040546,250.80117040546,15048.070224328,1.6798520737758,20260722-101702-full-opcache.xml
8.4.1,opcache,native_host,1,1,0,0,128,0,8191,cold_start,,"Ariel Radix Router",1000,9,1,5805000,5799555.5555556,5609000,5944000,95158.477302178,1.6407891327297,172.42700590083,172.42700590083,10345.62035405,2.443404175639,20260722-101702-full-opcache.xml
8.4.1,opcache,native_host,1,1,0,0,128,0,8191,cold_start,,"Simple PHP Router",1000,9,1,7416000,7384333.3333333,7049000,7739000,207197.16857782,2.8059021610322,135.42183902857,135.42183902857,8125.3103417145,3.1110851043909,20260722-101702-full-opcache.xml
8.4.1,opcache,native_host,1,1,0,0,128,0,8191,cold_start,,"Symfony Routing",1000,9,1,21836000,21676333.333333,21049000,22387000,443679.0631877,2.0468363185088,46.133263620847,46.133263620847,2767.9958172508,9.1324314202787,20260722-101702-full-opcache.xml
8.4.1,opcache,native_host,1,1,0,0,128,0,8191,cold_start,,"Illuminate Routing",1000,9,1,46746000,46855111.111111,45922000,48490000,698474.59898847,1.4907116479398,21.342388829868,21.342388829868,1280.5433297921,19.740473738414,20260722-101702-full-opcache.xml
8.4.1,opcache,native_host,1,1,0,0,128,0,8191,cold_start,,AltoRouter,10000,9,1,16623000,16619666.666667,15872000,17384000,423354.0677337,2.5473078144389,60.16967849335,60.16967849335,3610.180709601,1,20260722-101702-full-opcache.xml
8.4.1,opcache,native_host,1,1,0,0,128,0,8191,cold_start,,"Bramus Router",10000,9,1,20542000,20519000,19972000,20956000,266552.47555073,1.2990519789012,48.735318485306,48.735318485306,2924.1191091184,1.234621633005,20260722-101702-full-opcache.xml
8.4.1,opcache,native_host,1,1,0,0,128,0,8191,cold_start,,FastRoute,10000,9,1,26129000,26075888.888889,25154000,27072000,548081.18710126,2.1018696215368,38.34960350771,38.34960350771,2300.9762104626,1.5689778508728,20260722-101702-full-opcache.xml
8.4.1,opcache,native_host,1,1,0,0,128,0,8191,cold_start,,"Ariel Radix Router",10000,9,1,31138000,31085777.777778,30483000,31613000,331235.65890223,1.0655537116366,32.169051942296,32.169051942296,1930.1431165377,1.8704212546046,20260722-101702-full-opcache.xml
8.4.1,opcache,native_host,1,1,0,0,128,0,8191,cold_start,,"Simple PHP Router",10000,9,1,37698000,37689222.222222,37338000,37883000,161673.73027715,0.42896541967328,26.53278420297,26.53278420297,1591.9670521782,2.2677483837755,20260722-101702-full-opcache.xml
8.4.1,opcache,native_host,1,1,0,0,128,0,8191,cold_start,,"Symfony Routing",10000,9,1,356569000,357015666.66667,353638000,359993000,1939757.5449868,0.54332560895652,2.8009975285865,2.8009975285865,168.05985171519,21.481517880423,20260722-101702-full-opcache.xml
8.4.1,opcache,native_host,1,1,0,0,128,0,8191,cold_start,,"Illuminate Routing",10000,9,1,419890000,422252000,417943000,443262000,7528998.3397528,1.7830580647937,2.3682540284001,2.3682540284001,142.09524170401,25.406767083174,20260722-101702-full-opcache.xml
8.4.1,opcache,native_host,1,1,0,0,128,0,8191,compilation,,FastRoute,10,9,1,341000,339888.88888889,324000,345000,5952.4867715462,1.7513037248746,2942.1379535796,,,1,20260722-101702-full-opcache.xml
8.4.1,opcache,native_host,1,1,0,0,128,0,8191,compilation,,"Ariel Radix Router",10,9,1,591000,590888.88888889,575000,610000,9993.8252541195,1.6913205582376,1692.365550959,,,1.7384766263485,20260722-101702-full-opcache.xml
8.4.1,opcache,native_host,1,1,0,0,128,0,8191,compilation,,"Symfony Routing",10,9,1,2963000,2966333.3333333,2849000,3097000,91782.35124467,3.0941347761997,337.11652994719,,,8.7273618829682,20260722-101702-full-opcache.xml
8.4.1,opcache,native_host,1,1,0,0,128,0,8191,compilation,,"Illuminate Routing",10,9,1,3777000,3781333.3333333,3607000,3940000,112502.83947034,2.9752161354991,264.45698166432,,,11.125204315136,20260722-101702-full-opcache.xml
8.4.1,opcache,native_host,1,1,0,0,128,0,8191,compilation,,FastRoute,100,9,1,339000,340555.55555556,335000,350000,5251.6899102651,1.5420949165542,2936.3784665579,,,1,20260722-101702-full-opcache.xml
8.4.1,opcache,native_host,1,1,0,0,128,0,8191,compilation,,"Ariel Radix Router",100,9,1,728000,722333.33333333,696000,741000,15040.685563571,2.0822361186301,1384.4023996308,,,2.121044045677,20260722-101702-full-opcache.xml
8.4.1,opcache,native_host,1,1,0,0,128,0,8191,compilation,,"Symfony Routing",100,9,1,4281000,4277000,4120000,4464000,113311.76265311,2.6493280957006,233.80874444704,,,12.558890701468,20260722-101702-full-opcache.xml
8.4.1,opcache,native_host,1,1,0,0,128,0,8191,compilation,,"Illuminate Routing",100,9,1,4888000,4913111.1111111,4765000,5142000,103769.45005844,2.1120924748428,203.53702112262,,,14.426753670473,20260722-101702-full-opcache.xml
8.4.1,opcache,native_host,1,1,0,0,128,0,8191,compilation,,FastRoute,1000,9,1,478000,476888.88888889,455000,493000,10969.092380608,2.3001358673224,2096.9245107176,,,1,20260722-101702-full-opcache.xml
8.4.1,opcache,native_host,1,1,0,0,128,0,8191,compilation,,"Ariel Radix Router",1000,9,1,2063000,2090666.6666667,2020000,2170000,54053.471468332,2.585465790896,478.3163265306,,,4.3839701770737,20260722-101702-full-opcache.xml
8.4.1,opcache,native_host,1,1,0,0,128,0,8191,compilation,,"Symfony Routing",1000,9,1,17416000,17464777.777778,17086000,17841000,249813.16475308,1.4303827276345,57.258100430707,,,36.622320596459,20260722-101702-full-opcache.xml
8.4.1,opcache,native_host,1,1,0,0,128,0,8191,compilation,,"Illuminate Routing",1000,9,1,20758000,20620222.222222,19850000,21282000,523600.733761,2.5392584430866,48.496082594218,,,43.239049394221,20260722-101702-full-opcache.xml
8.4.1,opcache,native_host,1,1,0,0,128,0,8191,compilation,,FastRoute,10000,9,1,1738000,1718444.4444444,1636000,1791000,47296.020765461,2.75225777117,581.92163455323,,,1,20260722-101702-full-opcache.xml
8.4.1,opcache,native_host,1,1,0,0,128,0,8191,compilation,,"Ariel Radix Router",10000,9,1,14823000,14846888.888889,14466000,15341000,277372.77141239,1.8682215074699,67.354178204187,,,8.6397258502525,20260722-101702-full-opcache.xml
8.4.1,opcache,native_host,1,1,0,0,128,0,8191,compilation,,"Symfony Routing",10000,9,1,339602000,339524777.77778,335946000,344162000,2668815.0836312,0.78604427667955,2.9452931433903,,,197.57681365577,20260722-101702-full-opcache.xml
8.4.1,opcache,native_host,1,1,0,0,128,0,8191,compilation,,"Illuminate Routing",10000,9,1,365441000,366224222.22222,363017000,370383000,2254220.1794155,0.61553006126603,2.7305676121915,,,213.11379800854,20260722-101702-full-opcache.xml
8.4.1,opcache,native_host,1,1,0,0,128,0,8191,constrained_match,,FastRoute,10,9,1000,1279,1280.5555555556,1261,1304,14.538157541152,1.1353008058167,780911.0629067,780911.0629067,46854663.774402,1,20260722-101702-full-opcache.xml
8.4.1,opcache,native_host,1,1,0,0,128,0,8191,constrained_match,,"Symfony Routing",10,9,1000,1584,1596.5555555556,1547,1662,34.43870919994,2.1570630022928,626348.38889274,626348.38889274,37580903.333564,1.2467678958785,20260722-101702-full-opcache.xml
8.4.1,opcache,native_host,1,1,0,0,128,0,8191,constrained_match,,"Ariel Radix Router",10,9,1000,2082,2081.4444444444,2059,2102,13.92927461708,0.66921193377312,480435.59493942,480435.59493942,28826135.696365,1.6254229934923,20260722-101702-full-opcache.xml
8.4.1,opcache,native_host,1,1,0,0,128,0,8191,constrained_match,,AltoRouter,10,9,1000,7446,7419.7777777778,7304,7503,68.522142046329,0.92350666150073,134774.92587379,134774.92587379,8086495.5524274,5.794186550976,20260722-101702-full-opcache.xml
8.4.1,opcache,native_host,1,1,0,0,128,0,8191,constrained_match,,"Illuminate Routing",10,9,1000,12110,12143,11841,12624,212.84631910267,1.752831418123,82351.972329737,82351.972329737,4941118.3397842,9.482603036876,20260722-101702-full-opcache.xml
8.4.1,opcache,native_host,1,1,0,0,128,0,8191,constrained_match,,"Symfony Routing",100,9,1000,1760,1760.5555555556,1734,1796,23.056024091625,1.3095879887953,568002.52445565,568002.52445565,34080151.467339,1,20260722-101702-full-opcache.xml
8.4.1,opcache,native_host,1,1,0,0,128,0,8191,constrained_match,,"Ariel Radix Router",100,9,1000,2150,2137.3333333333,2038,2227,56.715665090578,2.6535713548306,467872.7386151,467872.7386151,28072364.316906,1.2140107289365,20260722-101702-full-opcache.xml
8.4.1,opcache,native_host,1,1,0,0,128,0,8191,constrained_match,,FastRoute,100,9,1000,2393,2405.1111111111,2369,2470,31.053518120405,1.2911469236055,415781.20668946,415781.20668946,24946872.401368,1.3661091827074,20260722-101702-full-opcache.xml
8.4.1,opcache,native_host,1,1,0,0,128,0,8191,constrained_match,,"Illuminate Routing",100,9,1000,12794,12728.111111111,12455,13025,183.59281300654,1.4424199427853,78566.253175387,78566.253175387,4713975.1905232,7.2295992426631,20260722-101702-full-opcache.xml
8.4.1,opcache,native_host,1,1,0,0,128,0,8191,constrained_match,,AltoRouter,100,9,1000,53225,53377.666666667,53042,54033,283.04102568748,0.53026114358842,18734.42700755,18734.42700755,1124065.620453,30.318649416219,20260722-101702-full-opcache.xml
8.4.1,opcache,native_host,1,1,0,0,128,0,8191,constrained_match,,"Ariel Radix Router",1000,9,1000,2080,2074.5555555556,2042,2124,23.485745611191,1.1320856435152,482030.95709923,482030.95709923,28921857.425954,1,20260722-101702-full-opcache.xml
8.4.1,opcache,native_host,1,1,0,0,128,0,8191,constrained_match,,"Symfony Routing",1000,9,1000,2099,2102.4444444444,2068,2131,22.231664660575,1.0574198390507,475636.82485996,475636.82485996,28538209.491598,1.0134433078035,20260722-101702-full-opcache.xml
8.4.1,opcache,native_host,1,1,0,0,128,0,8191,constrained_match,,"Illuminate Routing",1000,9,1000,12740,12815.111111111,12657,13256,192.14834803953,1.4993888572135,78032.877852536,78032.877852536,4681972.6711522,6.1772802742219,20260722-101702-full-opcache.xml
8.4.1,opcache,native_host,1,1,0,0,128,0,8191,constrained_match,,FastRoute,1000,9,1000,12854,12888,12757,13154,110.5380779038,0.85768216871354,77591.558038485,77591.558038485,4655493.4823091,6.2124149750949,20260722-101702-full-opcache.xml
8.4.1,opcache,native_host,1,1,0,0,128,0,8191,constrained_match,,AltoRouter,1000,9,1000,522198,519766.66666667,507975,526965,6201.297803238,1.1930926319319,1923.9402295902,1923.9402295902,115436.41377541,250.54362380161,20260722-101702-full-opcache.xml
8.4.1,opcache,native_host,1,1,0,0,128,0,8191,constrained_match,,"Ariel Radix Router",10000,9,1000,2111,2122.3333333333,2067,2192,37.973675092095,1.7892417979627,471179.5193969,471179.5193969,28270771.163814,1,20260722-101702-full-opcache.xml
8.4.1,opcache,native_host,1,1,0,0,128,0,8191,constrained_match,,"Symfony Routing",10000,9,1000,6249,6300.7777777778,6220,6422,79.711671775744,1.2651084451332,158710.56483327,158710.56483327,9522633.8899959,2.96879744516,20260722-101702-full-opcache.xml
8.4.1,opcache,native_host,1,1,0,0,128,0,8191,constrained_match,,"Illuminate Routing",10000,9,1000,17045,17117,16942,17407,151.99926900409,0.88800180524677,58421.452357306,58421.452357306,3505287.1414383,8.0651798335167,20260722-101702-full-opcache.xml
8.4.1,opcache,native_host,1,1,0,0,128,0,8191,constrained_match,,FastRoute,10000,9,1000,120550,120353.22222222,119449,120977,455.15510855038,0.37818273590546,8308.8760029507,8308.8760029507,498532.56017704,56.707973404534,20260722-101702-full-opcache.xml
8.4.1,opcache,native_host,1,1,0,0,128,0,8191,constrained_match,,AltoRouter,10000,9,1000,5395637,5410400.3333333,5325999,5545033,60995.61760032,1.1273771595889,184.82920641547,184.82920641547,11089.752384928,2549.2698288048,20260722-101702-full-opcache.xml
8.4.1,opcache,native_host,1,1,0,0,128,0,8191,finalization,,"Simple PHP Router",10,9,1,72000,72222.222222222,69000,74000,1617.8021976179,2.2400338120863,13846.153846154,,,1,20260722-101702-full-opcache.xml
8.4.1,opcache,native_host,1,1,0,0,128,0,8191,finalization,,"Simple PHP Router",100,9,1,84000,83555.555555556,81000,87000,1706.9212773041,2.0428579116672,11968.085106383,,,1,20260722-101702-full-opcache.xml
8.4.1,opcache,native_host,1,1,0,0,128,0,8191,finalization,,"Simple PHP Router",1000,9,1,191000,190333.33333333,184000,196000,4422.1663871405,2.3233798881649,5253.9404553416,,,1,20260722-101702-full-opcache.xml
8.4.1,opcache,native_host,1,1,0,0,128,0,8191,finalization,,"Simple PHP Router",10000,9,1,1636000,1630666.6666667,1588000,1666000,27720.830515056,1.6999691648644,613.24611610792,,,1,20260722-101702-full-opcache.xml
8.4.1,opcache,native_host,1,1,0,0,128,0,8191,full_dispatch,,FastRoute,10,9,500,1770,1772.4444444444,1748,1816,20.992650095324,1.1843897370732,564192.57773321,564192.57773321,33851554.663993,1,20260722-101702-full-opcache.xml
8.4.1,opcache,native_host,1,1,0,0,128,0,8191,full_dispatch,,"Symfony Routing",10,9,500,2066,2066.4444444444,2052,2088,11.344221349422,0.54897296561352,483923.00247339,483923.00247339,29035380.148404,1.1658726178536,20260722-101702-full-opcache.xml
8.4.1,opcache,native_host,1,1,0,0,128,0,8191,full_dispatch,,"Ariel Radix Router",10,9,500,2568,2573.1111111111,2498,2664,51.709540156628,2.0096116305797,388634.59711547,388634.59711547,23318075.826928,1.4517301905717,20260722-101702-full-opcache.xml
8.4.1,opcache,native_host,1,1,0,0,128,0,8191,full_dispatch,,"Bramus Router",10,9,500,3900,3878.4444444444,3782,4024,72.833312145094,1.8779001011455,257835.32916977,257835.32916977,15470119.750186,2.1881895687061,20260722-101702-full-opcache.xml
8.4.1,opcache,native_host,1,1,0,0,128,0,8191,full_dispatch,,AltoRouter,10,9,500,6020,6019.5555555556,5934,6144,63.664242730666,1.057623642528,166125.22150029,166125.22150029,9967513.2900176,3.3961885656972,20260722-101702-full-opcache.xml
8.4.1,opcache,native_host,1,1,0,0,128,0,8191,full_dispatch,,"Simple PHP Router",10,9,500,13658,13611.111111111,13338,14008,212.21186711211,1.5591075951094,73469.387755103,73469.387755103,4408163.2653062,7.6792878635909,20260722-101702-full-opcache.xml
8.4.1,opcache,native_host,1,1,0,0,128,0,8191,full_dispatch,,"Illuminate Routing",10,9,500,47296,47314.888888889,46786,48130,453.20597339509,0.95785065555023,21134.996266151,21134.996266151,1268099.775969,26.694709127383,20260722-101702-full-opcache.xml
8.4.1,opcache,native_host,1,1,0,0,128,0,8191,full_dispatch,,"Symfony Routing",100,9,500,2162,2180.8888888889,2118,2274,50.368518484476,2.3095407905048,458528.63256572,458528.63256572,27511717.953943,1,20260722-101702-full-opcache.xml
8.4.1,opcache,native_host,1,1,0,0,128,0,8191,full_dispatch,,FastRoute,100,9,500,2438,2463.5555555556,2436,2516,31.829794257411,1.2920266476488,405917.37326357,405917.37326357,24355042.395814,1.1296107601386,20260722-101702-full-opcache.xml
8.4.1,opcache,native_host,1,1,0,0,128,0,8191,full_dispatch,,"Ariel Radix Router",100,9,500,2542,2556.4444444444,2508,2616,41.588222454363,1.6267993832113,391168.28929069,391168.28929069,23470097.357441,1.1722029753413,20260722-101702-full-opcache.xml
8.4.1,opcache,native_host,1,1,0,0,128,0,8191,full_dispatch,,"Bramus Router",100,9,500,20102,20119.555555556,19784,20954,334.45780704202,1.6623518651716,49702.88718549,49702.88718549,2982173.2311294,9.2253922967191,20260722-101702-full-opcache.xml
8.4.1,opcache,native_host,1,1,0,0,128,0,8191,full_dispatch,,AltoRouter,100,9,500,37786,37788.666666667,37506,38366,247.9372680516,0.65611541745743,26462.96067604,26462.96067604,1587777.6405624,17.327185653149,20260722-101702-full-opcache.xml
8.4.1,opcache,native_host,1,1,0,0,128,0,8191,full_dispatch,,"Illuminate Routing",100,9,500,47018,47251.111111111,46370,48506,647.12019224397,1.3695343390386,21163.523491511,21163.523491511,1269811.4094907,21.665987364989,20260722-101702-full-opcache.xml
8.4.1,opcache,native_host,1,1,0,0,128,0,8191,full_dispatch,,"Simple PHP Router",100,9,500,90376,90520.666666667,89176,92000,846.38683039534,0.93502054454821,11047.201007505,11047.201007505,662832.06045028,41.506317505604,20260722-101702-full-opcache.xml
8.4.1,opcache,native_host,1,1,0,0,128,0,8191,full_dispatch,,"Symfony Routing",1000,9,500,2502,2508,2440,2564,33.862466931201,1.3501781073047,398724.08293461,398724.08293461,23923444.976077,1,20260722-101702-full-opcache.xml
8.4.1,opcache,native_host,1,1,0,0,128,0,8191,full_dispatch,,"Ariel Radix Router",1000,9,500,2528,2532.4444444444,2482,2632,45.075519621362,1.7799213609699,394875.3948754,394875.3948754,23692523.692524,1.0097465886939,20260722-101702-full-opcache.xml
8.4.1,opcache,native_host,1,1,0,0,128,0,8191,full_dispatch,,FastRoute,1000,9,500,8404,8428.4444444444,8260,8634,111.43419693664,1.322120560575,118645.85530479,118645.85530479,7118751.3182873,3.3606237816764,20260722-101702-full-opcache.xml
8.4.1,opcache,native_host,1,1,0,0,128,0,8191,full_dispatch,,"Illuminate Routing",1000,9,500,47868,47743.111111111,46684,48592,655.40495445258,1.3727738708256,20945.43017259,20945.43017259,1256725.8103554,19.036328194223,20260722-101702-full-opcache.xml
8.4.1,opcache,native_host,1,1,0,0,128,0,8191,full_dispatch,,"Bramus Router",1000,9,500,187130,187162.66666667,185562,189414,1029.0254289051,0.54980271826206,5342.945886644,5342.945886644,320576.75319864,74.626262626264,20260722-101702-full-opcache.xml
8.4.1,opcache,native_host,1,1,0,0,128,0,8191,full_dispatch,,AltoRouter,1000,9,500,348056,348226.22222222,347186,350524,1041.5801860398,0.29911021042381,2871.696432332,2871.696432332,172301.78593992,138.84618110934,20260722-101702-full-opcache.xml
8.4.1,opcache,native_host,1,1,0,0,128,0,8191,full_dispatch,,"Simple PHP Router",1000,9,500,865000,867163.33333333,862022,878076,5115.2378895479,0.58988170889159,1153.1852899684,1153.1852899684,69191.117398107,345.75890483785,20260722-101702-full-opcache.xml
8.4.1,opcache,native_host,1,1,0,0,128,0,8191,full_dispatch,,"Ariel Radix Router",10000,9,500,2564,2543.5555555556,2488,2620,46.397105060819,1.8241042527843,393150.4455705,393150.4455705,23589026.73423,1,20260722-101702-full-opcache.xml
8.4.1,opcache,native_host,1,1,0,0,128,0,8191,full_dispatch,,"Symfony Routing",10000,9,500,5416,5483.3333333333,5300,5712,131.90905958273,2.4056363449738,182370.82066869,182370.82066869,10942249.240122,2.1557749432116,20260722-101702-full-opcache.xml
8.4.1,opcache,native_host,1,1,0,0,128,0,8191,full_dispatch,,"Illuminate Routing",10000,9,500,50704,50506,49324,51362,738.54270921412,1.462287073247,19799.627766998,19799.627766998,1187977.6660199,19.856456403984,20260722-101702-full-opcache.xml
8.4.1,opcache,native_host,1,1,0,0,128,0,8191,full_dispatch,,FastRoute,10000,9,500,70474,70605.333333333,69944,71822,584.86237697428,0.82835438820619,14163.236016165,14163.236016165,849794.1609699,27.758518259653,20260722-101702-full-opcache.xml
8.4.1,opcache,native_host,1,1,0,0,128,0,8191,full_dispatch,,AltoRouter,10000,9,500,3670244,3676366.6666667,3615058,3770296,42015.605143274,1.1428567646483,272.00768875067,272.00768875067,16320.46132504,1445.3651930805,20260722-101702-full-opcache.xml
8.4.1,opcache,native_host,1,1,0,0,128,0,8191,full_dispatch,,"Bramus Router",10000,9,500,9540374,9590522.2222222,9434844,9790212,107181.39302217,1.1175761917721,104.26960876884,104.26960876884,6256.1765261306,3770.5180849204,20260722-101702-full-opcache.xml
8.4.1,opcache,native_host,1,1,0,0,128,0,8191,full_dispatch,,"Simple PHP Router",10000,9,500,20468176,20445381.111111,20293348,20544398,70971.567403111,0.34712763248292,48.910802619206,48.910802619206,2934.6481571524,8038.1106936919,20260722-101702-full-opcache.xml
8.4.1,opcache,native_host,1,1,0,0,128,0,8191,method_not_allowed,,FastRoute,10,9,250,756,752.44444444444,732,776,15.599936688697,2.0732343502403,1329001.7720024,1329001.7720024,79740106.320142,1,20260722-101702-full-opcache.xml
8.4.1,opcache,native_host,1,1,0,0,128,0,8191,method_not_allowed,,"Ariel Radix Router",10,9,250,1072,1079.5555555556,1068,1104,12.711421907622,1.1774680647242,926307.1222725,926307.1222725,55578427.33635,1.4347312463084,20260722-101702-full-opcache.xml
8.4.1,opcache,native_host,1,1,0,0,128,0,8191,method_not_allowed,,"Symfony Routing",10,9,250,1404,1400,1368,1424,20.827332469084,1.4876666049346,714285.71428571,714285.71428571,42857142.857143,1.8606024808033,20260722-101702-full-opcache.xml
8.4.1,opcache,native_host,1,1,0,0,128,0,8191,method_not_allowed,,"Illuminate Routing",10,9,250,239944,241018.66666667,237872,245244,2629.0709808262,1.0908163326877,4149.0562280099,4149.0562280099,248943.3736806,320.31423508565,20260722-101702-full-opcache.xml
8.4.1,opcache,native_host,1,1,0,0,128,0,8191,method_not_allowed,,FastRoute,100,9,250,1152,1156,1140,1192,14.966629547096,1.294691137292,865051.90311419,865051.90311419,51903114.186851,1,20260722-101702-full-opcache.xml
8.4.1,opcache,native_host,1,1,0,0,128,0,8191,method_not_allowed,,"Ariel Radix Router",100,9,250,1232,1233.7777777778,1216,1272,17.89958272498,1.4507947093373,810518.73198846,810518.73198846,48631123.919307,1.0672818146867,20260722-101702-full-opcache.xml
8.4.1,opcache,native_host,1,1,0,0,128,0,8191,method_not_allowed,,"Symfony Routing",100,9,250,3132,3136,3084,3216,40.792156108742,1.3007702840798,318877.55102041,318877.55102041,19132653.061224,2.7128027681661,20260722-101702-full-opcache.xml
8.4.1,opcache,native_host,1,1,0,0,128,0,8191,method_not_allowed,,"Illuminate Routing",100,9,250,1863012,1871055.1111111,1852164,1947084,27706.420966365,1.4807912819795,534.4578008748,534.4578008748,32067.468052488,1618.5597846982,20260722-101702-full-opcache.xml
8.4.1,opcache,native_host,1,1,0,0,128,0,8191,method_not_allowed,,"Ariel Radix Router",1000,9,250,1236,1242.2222222222,1220,1296,20.665471889,1.6635889713864,805008.94454384,805008.94454384,48300536.672631,1,20260722-101702-full-opcache.xml
8.4.1,opcache,native_host,1,1,0,0,128,0,8191,method_not_allowed,,FastRoute,1000,9,250,2276,2289.3333333333,2272,2344,24.07396011369,1.0515707679247,436808.38672103,436808.38672103,26208503.203262,1.8429338103757,20260722-101702-full-opcache.xml
8.4.1,opcache,native_host,1,1,0,0,128,0,8191,method_not_allowed,,"Symfony Routing",1000,9,250,10584,10667.555555556,10500,10960,164.61612659701,1.5431475912144,93742.188150984,93742.188150984,5624531.289059,8.5874776386409,20260722-101702-full-opcache.xml
8.4.1,opcache,native_host,1,1,0,0,128,0,8191,method_not_allowed,,"Illuminate Routing",1000,9,250,18201672,18318069.777778,18088472,18933132,250243.63682432,1.3661026508803,54.59090461666,54.59090461666,3275.4542769996,14746.21001789,20260722-101702-full-opcache.xml
8.4.1,opcache,native_host,1,1,0,0,128,0,8191,method_not_allowed,,"Ariel Radix Router",10000,9,250,1540,1540.8888888889,1500,1584,23.609999973855,1.5322324759496,648976.05999423,648976.05999423,38938563.599654,1,20260722-101702-full-opcache.xml
8.4.1,opcache,native_host,1,1,0,0,128,0,8191,method_not_allowed,,"Symfony Routing",10000,9,250,6216,6276.4444444444,6056,6560,164.1077634504,2.6146612927588,159325.87452202,159325.87452202,9559552.4713214,4.0732621863282,20260722-101702-full-opcache.xml
8.4.1,opcache,native_host,1,1,0,0,128,0,8191,method_not_allowed,,FastRoute,10000,9,250,165392,165789.33333333,164480,167600,1054.8967300694,0.63628745520584,6031.7511379905,6031.7511379905,361905.06827943,107.59330833573,20260722-101702-full-opcache.xml
8.4.1,opcache,native_host,1,1,0,0,128,0,8191,method_not_allowed,,"Illuminate Routing",10000,9,250,229482948,230494634.22222,226462868,238421468,3455324.5978898,1.499091121817,4.3384957891727,4.3384957891727,260.30974735036,149585.49956735,20260722-101702-full-opcache.xml
8.4.1,opcache,native_host,1,1,0,0,128,0,8191,native_full_dispatch,,FastRoute,10,9,500,854,858.88888888889,842,894,15.176329847968,1.7669724273184,1164294.9547219,1164294.9547219,69857697.283312,1,20260722-101702-full-opcache.xml
8.4.1,opcache,native_host,1,1,0,0,128,0,8191,native_full_dispatch,,"Symfony Routing",10,9,500,1110,1118.6666666667,1098,1152,21.82760739166,1.9512163937717,893921.3349225,893921.3349225,53635280.09535,1.3024579560156,20260722-101702-full-opcache.xml
8.4.1,opcache,native_host,1,1,0,0,128,0,8191,native_full_dispatch,,"Ariel Radix Router",10,9,500,2230,2206,2140,2258,43.532873912839,1.9733850368467,453309.15684497,453309.15684497,27198549.410698,2.5684346701164,20260722-101702-full-opcache.xml
8.4.1,opcache,native_host,1,1,0,0,128,0,8191,native_full_dispatch,,"Bramus Router",10,9,500,3370,3386.8888888889,3344,3466,40.41024194831,1.1931375156971,295256.21678367,295256.21678367,17715373.00702,3.9433376455369,20260722-101702-full-opcache.xml
8.4.1,opcache,native_host,1,1,0,0,128,0,8191,native_full_dispatch,,AltoRouter,10,9,500,5710,5700.4444444444,5572,5858,85.238373089317,1.4952934621157,175424.91813504,175424.91813504,10525495.088102,6.6369987063389,20260722-101702-full-opcache.xml
8.4.1,opcache,native_host,1,1,0,0,128,0,8191,native_full_dispatch,,"Simple PHP Router",10,9,500,13180,13188.222222222,12986,13376,112.4808900093,0.8528889498068,75825.231266957,75825.231266957,4549513.8760174,15.354980595084,20260722-101702-full-opcache.xml
8.4.1,opcache,native_host,1,1,0,0,128,0,8191,native_full_dispatch,,"Illuminate Routing",10,9,500,45366,45479.777777778,44970,46924,552.64892970689,1.2151531003674,21987.794331058,21987.794331058,1319267.6598635,52.951875808538,20260722-101702-full-opcache.xml
8.4.1,opcache,native_host,1,1,0,0,128,0,8191,native_full_dispatch,,"Symfony Routing",100,9,500,1182,1186.4444444444,1166,1228,17.632741711002,1.4861835118844,842854.46712871,842854.46712871,50571268.027722,1,20260722-101702-full-opcache.xml
8.4.1,opcache,native_host,1,1,0,0,128,0,8191,native_full_dispatch,,FastRoute,100,9,500,1570,1586,1532,1648,38.389813463701,2.4205430935499,630517.02395965,630517.02395965,37831021.437579,1.3367671848661,20260722-101702-full-opcache.xml
8.4.1,opcache,native_host,1,1,0,0,128,0,8191,native_full_dispatch,,"Ariel Radix Router",100,9,500,2250,2264.6666666667,2162,2358,63.175241282571,2.7896044134194,441566.08772446,441566.08772446,26493965.263467,1.9087844165575,20260722-101702-full-opcache.xml
8.4.1,opcache,native_host,1,1,0,0,128,0,8191,native_full_dispatch,,"Bramus Router",100,9,500,19798,19769.777777778,19424,20078,215.77239952103,1.0914255180125,50582.257991996,50582.257991996,3034935.4795198,16.663045514142,20260722-101702-full-opcache.xml
8.4.1,opcache,native_host,1,1,0,0,128,0,8191,native_full_dispatch,,AltoRouter,100,9,500,37788,37827.333333333,37194,38400,330.22820392369,0.87298832570017,26435.910540879,26435.910540879,1586154.6324527,31.882936879566,20260722-101702-full-opcache.xml
8.4.1,opcache,native_host,1,1,0,0,128,0,8191,native_full_dispatch,,"Illuminate Routing",100,9,500,46500,46643.777777778,45742,47580,613.15826809103,1.3145553325725,21439.086790187,21439.086790187,1286345.2074112,39.313916463759,20260722-101702-full-opcache.xml
8.4.1,opcache,native_host,1,1,0,0,128,0,8191,native_full_dispatch,,"Simple PHP Router",100,9,500,91058,91370,90624,92864,665.66391252977,0.72853662310361,10944.511327569,10944.511327569,656670.67965415,77.01161266155,20260722-101702-full-opcache.xml
8.4.1,opcache,native_host,1,1,0,0,128,0,8191,native_full_dispatch,,"Symfony Routing",1000,9,500,1516,1508.6666666667,1470,1542,28.126697479639,1.864341414912,662836.94211223,662836.94211223,39770216.526734,1,20260722-101702-full-opcache.xml
8.4.1,opcache,native_host,1,1,0,0,128,0,8191,native_full_dispatch,,"Ariel Radix Router",1000,9,500,2202,2202.2222222222,2160,2244,30.249987246197,1.3736119334802,454086.78102927,454086.78102927,27245206.861756,1.4597142436294,20260722-101702-full-opcache.xml
8.4.1,opcache,native_host,1,1,0,0,128,0,8191,native_full_dispatch,,FastRoute,1000,9,500,7432,7456.8888888889,7318,7650,105.22404081498,1.4110984135994,134104.18405054,134104.18405054,8046251.0430325,4.9427014287818,20260722-101702-full-opcache.xml
8.4.1,opcache,native_host,1,1,0,0,128,0,8191,native_full_dispatch,,"Illuminate Routing",1000,9,500,45574,45968.888888889,45108,46990,700.08260535525,1.5229487209217,21753.843178962,21753.843178962,1305230.5907377,30.469877743408,20260722-101702-full-opcache.xml
8.4.1,opcache,native_host,1,1,0,0,128,0,8191,native_full_dispatch,,"Bramus Router",1000,9,500,186064,186872,184276,190226,1935.6011985944,1.0357898447035,5351.2564750203,5351.2564750203,321075.38850122,123.8656650464,20260722-101702-full-opcache.xml
8.4.1,opcache,native_host,1,1,0,0,128,0,8191,native_full_dispatch,,AltoRouter,1000,9,500,348762,348655.77777778,345694,351314,1597.8831675952,0.45829820397057,2868.1584064767,2868.1584064767,172089.5043886,231.10192959198,20260722-101702-full-opcache.xml
8.4.1,opcache,native_host,1,1,0,0,128,0,8191,native_full_dispatch,,"Simple PHP Router",1000,9,500,863684,864311.11111111,856224,874904,5226.4832545294,0.60469930183016,1156.9907954955,1156.9907954955,69419.447729727,572.89733392251,20260722-101702-full-opcache.xml
8.4.1,opcache,native_host,1,1,0,0,128,0,8191,native_full_dispatch,,"Ariel Radix Router",10000,9,500,2182,2181.7777777778,2140,2244,34.492439679758,1.5809327618549,458341.82114483,458341.82114483,27500509.26869,1,20260722-101702-full-opcache.xml
8.4.1,opcache,native_host,1,1,0,0,128,0,8191,native_full_dispatch,,"Symfony Routing",10000,9,500,4248,4256.8888888889,4214,4320,38.391099791617,0.90185815964854,234913.34307789,234913.34307789,14094800.584673,1.9511102057445,20260722-101702-full-opcache.xml
8.4.1,opcache,native_host,1,1,0,0,128,0,8191,native_full_dispatch,,"Illuminate Routing",10000,9,500,50800,51091.777777778,49570,53396,1223.663513823,2.3950302123863,19572.620947924,19572.620947924,1174357.2568754,23.417498472194,20260722-101702-full-opcache.xml
8.4.1,opcache,native_host,1,1,0,0,128,0,8191,native_full_dispatch,,FastRoute,10000,9,500,69600,69633.555555556,68688,70380,489.3276818727,0.70271821964096,14360.892417768,14360.892417768,861653.54506607,31.915970666123,20260722-101702-full-opcache.xml
8.4.1,opcache,native_host,1,1,0,0,128,0,8191,native_full_dispatch,,AltoRouter,10000,9,500,3702324,3711505.5555556,3668142,3764548,33409.261933086,0.90015389800718,269.43244056395,269.43244056395,16165.946433837,1701.1382155225,20260722-101702-full-opcache.xml
8.4.1,opcache,native_host,1,1,0,0,128,0,8191,native_full_dispatch,,"Bramus Router",10000,9,500,9386444,9431514.4444444,9326388,9704034,111140.02813579,1.1783900537973,106.02751084043,106.02751084043,6361.6506504258,4322.8575066204,20260722-101702-full-opcache.xml
8.4.1,opcache,native_host,1,1,0,0,128,0,8191,native_full_dispatch,,"Simple PHP Router",10000,9,500,20603918,20555603.555556,20287916,20646898,106190.88294315,0.51660308906111,48.648535047744,48.648535047744,2918.9121028646,9421.4927683847,20260722-101702-full-opcache.xml
8.4.1,opcache,native_host,1,1,0,0,128,0,8191,native_match,,FastRoute,10,9,1000,725,723.77777777778,703,750,12.699761833093,1.7546493168228,1381639.5455941,1381639.5455941,82898372.735646,1,20260722-101702-full-opcache.xml
8.4.1,opcache,native_host,1,1,0,0,128,0,8191,native_match,,"Symfony Routing",10,9,1000,984,985.55555555556,956,1029,22.808921797846,2.3143212647194,1014656.1443066,1014656.1443066,60879368.658399,1.3616825299355,20260722-101702-full-opcache.xml
8.4.1,opcache,native_host,1,1,0,0,128,0,8191,native_match,,"Ariel Radix Router",10,9,1000,1385,1390.4444444444,1357,1427,22.171609028521,1.59456993173,719194.50215761,719194.50215761,43151670.129456,1.921093030396,20260722-101702-full-opcache.xml
8.4.1,opcache,native_host,1,1,0,0,128,0,8191,native_match,,AltoRouter,10,9,1000,5769,5763.3333333333,5514,5968,140.1990648249,2.4326037852789,173510.69982649,173510.69982649,10410641.989589,7.962849247774,20260722-101702-full-opcache.xml
8.4.1,opcache,native_host,1,1,0,0,128,0,8191,native_match,,"Illuminate Routing",10,9,1000,11358,11373.555555556,11210,11518,89.020735550908,0.78269926335766,87923.252769579,87923.252769579,5275395.1661747,15.714154129568,20260722-101702-full-opcache.xml
8.4.1,opcache,native_host,1,1,0,0,128,0,8191,native_match,,"Symfony Routing",100,9,1000,1034,1029.3333333333,1013,1055,14.383632673594,1.3973736405694,971502.59067361,971502.59067361,58290155.440416,1,20260722-101702-full-opcache.xml
8.4.1,opcache,native_host,1,1,0,0,128,0,8191,native_match,,FastRoute,100,9,1000,1408,1406.1111111111,1378,1453,23.316395969096,1.6582185991455,711181.35124457,711181.35124457,42670881.074674,1.3660405872194,20260722-101702-full-opcache.xml
8.4.1,opcache,native_host,1,1,0,0,128,0,8191,native_match,,"Ariel Radix Router",100,9,1000,1406,1410.5555555556,1371,1466,27.00251474343,1.9143177053239,708940.52776682,708940.52776682,42536431.666009,1.3703583765113,20260722-101702-full-opcache.xml
8.4.1,opcache,native_host,1,1,0,0,128,0,8191,native_match,,"Illuminate Routing",100,9,1000,11638,11710.333333333,11468,12240,236.55443348202,2.0200486762292,85394.665679886,85394.665679886,5123679.9407932,11.376619170985,20260722-101702-full-opcache.xml
8.4.1,opcache,native_host,1,1,0,0,128,0,8191,native_match,,AltoRouter,100,9,1000,37767,38124.222222222,37271,39924,834.87853777631,2.189890020339,26230.043308716,26230.043308716,1573802.598523,37.037780656305,20260722-101702-full-opcache.xml
8.4.1,opcache,native_host,1,1,0,0,128,0,8191,native_match,,"Symfony Routing",1000,9,1000,1358,1374.3333333333,1327,1432,40.387016615629,2.9386623780472,727625.51540142,727625.51540142,43657530.924085,1,20260722-101702-full-opcache.xml
8.4.1,opcache,native_host,1,1,0,0,128,0,8191,native_match,,"Ariel Radix Router",1000,9,1000,1410,1429.5555555556,1386,1497,44.487479165144,3.1119797332994,699518.1097466,699518.1097466,41971086.584796,1.0401810979061,20260722-101702-full-opcache.xml
8.4.1,opcache,native_host,1,1,0,0,128,0,8191,native_match,,FastRoute,1000,9,1000,7364,7375.6666666667,7221,7528,113.6485811614,1.5408584240259,135580.96443259,135580.96443259,8134857.8659556,5.3667232597625,20260722-101702-full-opcache.xml
8.4.1,opcache,native_host,1,1,0,0,128,0,8191,native_match,,"Illuminate Routing",1000,9,1000,12200,12271.333333333,11976,12725,232.18096390531,1.8920597916986,81490.737219538,81490.737219538,4889444.2331723,8.9289352413291,20260722-101702-full-opcache.xml
8.4.1,opcache,native_host,1,1,0,0,128,0,8191,native_match,,AltoRouter,1000,9,1000,359589,359714.33333333,349969,369201,5954.6983504158,1.6553964628643,2779.9837463617,2779.9837463617,166799.0247817,261.73732718894,20260722-101702-full-opcache.xml
8.4.1,opcache,native_host,1,1,0,0,128,0,8191,native_match,,"Ariel Radix Router",10000,9,1000,1409,1409.3333333333,1384,1446,17.688665548562,1.2551087191506,709555.34531695,709555.34531695,42573320.719017,1,20260722-101702-full-opcache.xml
8.4.1,opcache,native_host,1,1,0,0,128,0,8191,native_match,,"Symfony Routing",10000,9,1000,4117,4152.6666666667,4075,4319,75.552777726714,1.819379781507,240809.11863862,240809.11863862,14448547.118317,2.9465468306529,20260722-101702-full-opcache.xml
8.4.1,opcache,native_host,1,1,0,0,128,0,8191,native_match,,"Illuminate Routing",10000,9,1000,15218,15274.222222222,14954,15774,231.77420898499,1.5174206948998,65469.782058371,65469.782058371,3928186.9235023,10.837906023337,20260722-101702-full-opcache.xml
8.4.1,opcache,native_host,1,1,0,0,128,0,8191,native_match,,FastRoute,10000,9,1000,70194,70213.222222222,69031,71161,537.51481173964,0.76554642377533,14242.331691245,14242.331691245,854539.90147472,49.820167139705,20260722-101702-full-opcache.xml
8.4.1,opcache,native_host,1,1,0,0,128,0,8191,native_match,,AltoRouter,10000,9,1000,3674994,3676973.1111111,3593132,3743386,44955.46652817,1.2226215740421,271.96282642867,271.96282642867,16317.76958572,2609.0159255756,20260722-101702-full-opcache.xml
8.4.1,opcache,native_host,1,1,0,0,128,0,8191,overlapping_static_dynamic_match,,FastRoute,10,9,1000,579,579.22222222222,572,591,5.3908930980925,0.9307124090319,1726453.0980242,1726453.0980242,103587185.88145,1,20260722-101702-full-opcache.xml
8.4.1,opcache,native_host,1,1,0,0,128,0,8191,overlapping_static_dynamic_match,,AltoRouter,10,9,1000,761,763.77777777778,756,792,10.453896432301,1.3687091633796,1309281.3500145,1309281.3500145,78556881.000873,1.3186265106465,20260722-101702-full-opcache.xml
8.4.1,opcache,native_host,1,1,0,0,128,0,8191,overlapping_static_dynamic_match,,"Symfony Routing",10,9,1000,913,916.44444444444,900,962,17.198908951902,1.8766995704063,1091173.6178468,1091173.6178468,65470417.070805,1.5821983502781,20260722-101702-full-opcache.xml
8.4.1,opcache,native_host,1,1,0,0,128,0,8191,overlapping_static_dynamic_match,,"Ariel Radix Router",10,9,1000,1262,1270.1111111111,1247,1305,21.226003153598,1.6711926199141,787332.691803,787332.691803,47239961.50818,2.1927872626127,20260722-101702-full-opcache.xml
8.4.1,opcache,native_host,1,1,0,0,128,0,8191,overlapping_static_dynamic_match,,"Illuminate Routing",10,9,1000,10659,10706.777777778,10543,11066,149.63568927957,1.3975791072282,93398.781664779,93398.781664779,5603926.8998868,18.484749664301,20260722-101702-full-opcache.xml
8.4.1,opcache,native_host,1,1,0,0,128,0,8191,overlapping_static_dynamic_match,,FastRoute,100,9,1000,581,581.77777777778,574,599,6.7622773576458,1.1623471393967,1718869.3659282,1718869.3659282,103132161.95569,1,20260722-101702-full-opcache.xml
8.4.1,opcache,native_host,1,1,0,0,128,0,8191,overlapping_static_dynamic_match,,AltoRouter,100,9,1000,777,778.88888888889,760,804,14.707854624462,1.8883122913005,1283880.171184,1283880.171184,77032810.271041,1.338808250573,20260722-101702-full-opcache.xml
8.4.1,opcache,native_host,1,1,0,0,128,0,8191,overlapping_static_dynamic_match,,"Symfony Routing",100,9,1000,905,906.11111111111,900,914,3.8999841721743,0.43040904413941,1103617.4126303,1103617.4126303,66217044.757817,1.557486631016,20260722-101702-full-opcache.xml
8.4.1,opcache,native_host,1,1,0,0,128,0,8191,overlapping_static_dynamic_match,,"Ariel Radix Router",100,9,1000,1289,1287.2222222222,1247,1318,24.215595423784,1.8812288201472,776866.63789384,776866.63789384,46611998.27363,2.2125668449197,20260722-101702-full-opcache.xml
8.4.1,opcache,native_host,1,1,0,0,128,0,8191,overlapping_static_dynamic_match,,"Illuminate Routing",100,9,1000,10614,10617.555555556,10556,10726,50.52856422331,0.4758963959164,94183.637162766,94183.637162766,5651018.229766,18.250190985486,20260722-101702-full-opcache.xml
8.4.1,opcache,native_host,1,1,0,0,128,0,8191,overlapping_static_dynamic_match,,FastRoute,1000,9,1000,586,589.33333333333,578,600,7.7316090031621,1.311924604609,1696832.5791855,1696832.5791855,101809954.75113,1,20260722-101702-full-opcache.xml
8.4.1,opcache,native_host,1,1,0,0,128,0,8191,overlapping_static_dynamic_match,,AltoRouter,1000,9,1000,761,765.77777777778,759,792,9.8519910878493,1.2865339493709,1305861.8688334,1305861.8688334,78351712.130006,1.2993966817496,20260722-101702-full-opcache.xml
8.4.1,opcache,native_host,1,1,0,0,128,0,8191,overlapping_static_dynamic_match,,"Symfony Routing",1000,9,1000,927,928.55555555556,901,952,16.567110061881,1.7841808131737,1076941.4861792,1076941.4861792,64616489.170755,1.5756033182504,20260722-101702-full-opcache.xml
8.4.1,opcache,native_host,1,1,0,0,128,0,8191,overlapping_static_dynamic_match,,"Ariel Radix Router",1000,9,1000,1263,1270.6666666667,1253,1305,15.477582354992,1.2180678663425,786988.4575026,786988.4575026,47219307.450156,2.1561085972851,20260722-101702-full-opcache.xml
8.4.1,opcache,native_host,1,1,0,0,128,0,8191,overlapping_static_dynamic_match,,"Illuminate Routing",1000,9,1000,10598,10695.666666667,10529,10999,171.02761310515,1.5990364923971,93495.80827126,93495.80827126,5609748.4962756,18.148755656109,20260722-101702-full-opcache.xml
8.4.1,opcache,native_host,1,1,0,0,128,0,8191,overlapping_static_dynamic_match,,FastRoute,10000,9,1000,580,582.66666666667,572,606,9.8544969993963,1.6912752287293,1716247.1395881,1716247.1395881,102974828.37529,1,20260722-101702-full-opcache.xml
8.4.1,opcache,native_host,1,1,0,0,128,0,8191,overlapping_static_dynamic_match,,AltoRouter,10000,9,1000,761,768.11111111111,758,787,9.4803240034229,1.23423862333,1301894.9804716,1301894.9804716,78113698.828295,1.3182684973303,20260722-101702-full-opcache.xml
8.4.1,opcache,native_host,1,1,0,0,128,0,8191,overlapping_static_dynamic_match,,"Symfony Routing",10000,9,1000,923,930.33333333333,909,956,16.206994374858,1.7420631717869,1074883.5542816,1074883.5542816,64493013.256897,1.5966819221968,20260722-101702-full-opcache.xml
8.4.1,opcache,native_host,1,1,0,0,128,0,8191,overlapping_static_dynamic_match,,"Ariel Radix Router",10000,9,1000,1273,1270.3333333333,1250,1291,14.15784038773,1.1144980625345,787194.96195226,787194.96195226,47231697.717136,2.1802059496567,20260722-101702-full-opcache.xml
8.4.1,opcache,native_host,1,1,0,0,128,0,8191,overlapping_static_dynamic_match,,"Illuminate Routing",10000,9,1000,10604,10679.888888889,10536,10972,148.56158053103,1.3910405068501,93633.932937296,93633.932937296,5618035.9762377,18.329328756674,20260722-101702-full-opcache.xml
8.4.1,opcache,native_host,1,1,0,0,128,0,8191,registration,,"Bramus Router",10,9,1,40000,40222.222222222,39000,41000,785.67420131839,1.9533336496866,24861.878453039,,,1,20260722-101702-full-opcache.xml
8.4.1,opcache,native_host,1,1,0,0,128,0,8191,registration,,AltoRouter,10,9,1,45000,45444.444444444,44000,47000,831.4794192831,1.8296613138259,22004.88997555,,,1.1298342541436,20260722-101702-full-opcache.xml
8.4.1,opcache,native_host,1,1,0,0,128,0,8191,registration,,FastRoute,10,9,1,131000,130000,126000,133000,2581.9888974716,1.9861453057474,7692.3076923077,,,3.232044198895,20260722-101702-full-opcache.xml
8.4.1,opcache,native_host,1,1,0,0,128,0,8191,registration,,"Ariel Radix Router",10,9,1,365000,365555.55555556,358000,381000,6567.7852027252,1.796658566095,2735.5623100304,,,9.0883977900554,20260722-101702-full-opcache.xml
8.4.1,opcache,native_host,1,1,0,0,128,0,8191,registration,,"Symfony Routing",10,9,1,468000,465777.77777778,452000,478000,8270.1306959682,1.7755528688863,2146.9465648855,,,11.580110497238,20260722-101702-full-opcache.xml
8.4.1,opcache,native_host,1,1,0,0,128,0,8191,registration,,"Simple PHP Router",10,9,1,1361000,1367222.2222222,1316000,1430000,34514.981538707,2.5244602506978,731.40999593662,,,33.991712707182,20260722-101702-full-opcache.xml
8.4.1,opcache,native_host,1,1,0,0,128,0,8191,registration,,"Illuminate Routing",10,9,1,3549000,3528777.7777778,3422000,3679000,94645.276665356,2.6820979564476,283.38423753896,,,87.732044198896,20260722-101702-full-opcache.xml
8.4.1,opcache,native_host,1,1,0,0,128,0,8191,registration,,"Bramus Router",100,9,1,107000,107888.88888889,104000,113000,2960.6472432165,2.7441632532388,9268.7950566425,,,1,20260722-101702-full-opcache.xml
8.4.1,opcache,native_host,1,1,0,0,128,0,8191,registration,,AltoRouter,100,9,1,111000,111444.44444444,107000,116000,2871.7439962934,2.5768390794257,8973.0807577272,,,1.0329557157569,20260722-101702-full-opcache.xml
8.4.1,opcache,native_host,1,1,0,0,128,0,8191,registration,,FastRoute,100,9,1,293000,291222.22222222,280000,303000,7299.5856469586,2.5065345601918,3433.8038916444,,,2.6992790937178,20260722-101702-full-opcache.xml
8.4.1,opcache,native_host,1,1,0,0,128,0,8191,registration,,"Ariel Radix Router",100,9,1,470000,471000,463000,478000,5055.2502960344,1.0733015490519,2123.1422505308,,,4.3656024716786,20260722-101702-full-opcache.xml
8.4.1,opcache,native_host,1,1,0,0,128,0,8191,registration,,"Symfony Routing",100,9,1,545000,549111.11111111,536000,571000,11742.084278776,2.138380382618,1821.1250505868,,,5.0895983522141,20260722-101702-full-opcache.xml
8.4.1,opcache,native_host,1,1,0,0,128,0,8191,registration,,"Simple PHP Router",100,9,1,1499000,1474888.8888889,1405000,1528000,42581.80217585,2.8871193278789,678.01717643513,,,13.67044284243,20260722-101702-full-opcache.xml
8.4.1,opcache,native_host,1,1,0,0,128,0,8191,registration,,"Illuminate Routing",100,9,1,3640000,3648111.1111111,3582000,3791000,63795.584041608,1.7487291943303,274.1144580148,,,33.813594232749,20260722-101702-full-opcache.xml
8.4.1,opcache,native_host,1,1,0,0,128,0,8191,registration,,AltoRouter,1000,9,1,712000,716444.44444444,694000,745000,17461.774830953,2.4372824670996,1395.7816377171,,,1,20260722-101702-full-opcache.xml
8.4.1,opcache,native_host,1,1,0,0,128,0,8191,registration,,"Bramus Router",1000,9,1,837000,836000,800000,870000,23523.038352503,2.8137605684812,1196.1722488038,,,1.1668734491315,20260722-101702-full-opcache.xml
8.4.1,opcache,native_host,1,1,0,0,128,0,8191,registration,,"Symfony Routing",1000,9,1,1483000,1476555.5555556,1404000,1536000,42593.977433203,2.8846850545476,677.2518624426,,,2.0609491315137,20260722-101702-full-opcache.xml
8.4.1,opcache,native_host,1,1,0,0,128,0,8191,registration,,"Ariel Radix Router",1000,9,1,1504000,1496000,1450000,1524000,23122.860261366,1.5456457393961,668.44919786096,,,2.0880893300248,20260722-101702-full-opcache.xml
8.4.1,opcache,native_host,1,1,0,0,128,0,8191,registration,,FastRoute,1000,9,1,1829000,1839777.7777778,1782000,1905000,37685.18063518,2.0483550290894,543.54390626887,,,2.5679280397023,20260722-101702-full-opcache.xml
8.4.1,opcache,native_host,1,1,0,0,128,0,8191,registration,,"Simple PHP Router",1000,9,1,2377000,2379444.4444444,2319000,2465000,50193.206957629,2.1094506776496,420.26616857344,,,3.3211848635235,20260722-101702-full-opcache.xml
8.4.1,opcache,native_host,1,1,0,0,128,0,8191,registration,,"Illuminate Routing",1000,9,1,6326000,6273666.6666667,6068000,6537000,148783.95970892,2.371563036644,159.39641889379,,,8.7566687344914,20260722-101702-full-opcache.xml
8.4.1,opcache,native_host,1,1,0,0,128,0,8191,registration,,AltoRouter,10000,9,1,7166000,7178555.5555556,6998000,7469000,157331.9993666,2.1916943896163,139.30379061092,,,1,20260722-101702-full-opcache.xml
8.4.1,opcache,native_host,1,1,0,0,128,0,8191,registration,,"Bramus Router",10000,9,1,8820000,8856111.1111111,8446000,9209000,234374.55514361,2.6464726131265,112.91637914811,,,1.2336898478493,20260722-101702-full-opcache.xml
8.4.1,opcache,native_host,1,1,0,0,128,0,8191,registration,,"Symfony Routing",10000,9,1,11970000,11943777.777778,11653000,12120000,147523.84197348,1.2351522668813,83.725603289484,,,1.663813518659,20260722-101702-full-opcache.xml
8.4.1,opcache,native_host,1,1,0,0,128,0,8191,registration,,"Simple PHP Router",10000,9,1,12148000,12136222.222222,11710000,12480000,257378.13849051,2.1207434552346,82.397963854761,,,1.6906217592521,20260722-101702-full-opcache.xml
8.4.1,opcache,native_host,1,1,0,0,128,0,8191,registration,,"Ariel Radix Router",10000,9,1,13386000,13498111.111111,12836000,14144000,417335.04910309,3.091803332094,74.084439798162,,,1.8803380438652,20260722-101702-full-opcache.xml
8.4.1,opcache,native_host,1,1,0,0,128,0,8191,registration,,FastRoute,10000,9,1,18182000,18293222.222222,17983000,18806000,282466.82313652,1.5441064439341,54.665055059859,,,2.5483151980435,20260722-101702-full-opcache.xml
8.4.1,opcache,native_host,1,1,0,0,128,0,8191,registration,,"Illuminate Routing",10000,9,1,33630000,33928666.666667,33253000,34807000,573720.41197007,1.6909606781976,29.47360147761,,,4.7263918770412,20260722-101702-full-opcache.xml
8.4.1,opcache,native_host,1,1,0,0,128,0,8191,route_miss,,FastRoute,10,9,500,672,672.66666666667,660,684,7.6594168620507,1.1386645483723,1486620.4162537,1486620.4162537,89197224.975223,1,20260722-101702-full-opcache.xml
8.4.1,opcache,native_host,1,1,0,0,128,0,8191,route_miss,,"Ariel Radix Router",10,9,500,998,1006,994,1052,17.435595774163,1.7331606137339,994035.78528827,994035.78528827,59642147.117296,1.4955401387512,20260722-101702-full-opcache.xml
8.4.1,opcache,native_host,1,1,0,0,128,0,8191,route_miss,,"Symfony Routing",10,9,500,1178,1179.5555555556,1162,1218,15.938152068481,1.3511997797318,847776.94046719,847776.94046719,50866616.428031,1.7535513709944,20260722-101702-full-opcache.xml
8.4.1,opcache,native_host,1,1,0,0,128,0,8191,route_miss,,AltoRouter,10,9,500,6480,6498.2222222222,6416,6602,55.908214021392,0.8603616821567,153888.24293824,153888.24293824,9233294.5762944,9.6603898249091,20260722-101702-full-opcache.xml
8.4.1,opcache,native_host,1,1,0,0,128,0,8191,route_miss,,"Illuminate Routing",10,9,500,269626,269934,268434,272068,985.59356058502,0.36512390457853,3704.6092748598,3704.6092748598,222276.55649159,401.28939544103,20260722-101702-full-opcache.xml
8.4.1,opcache,native_host,1,1,0,0,128,0,8191,route_miss,,"Ariel Radix Router",100,9,500,1014,1033.1111111111,1002,1076,29.934908809484,2.8975497879689,967950.09679502,967950.09679502,58077005.807701,1,20260722-101702-full-opcache.xml
8.4.1,opcache,native_host,1,1,0,0,128,0,8191,route_miss,,"Symfony Routing",100,9,500,1218,1220.2222222222,1210,1234,7.7427783956375,0.63453838609304,819522.85558188,819522.85558188,49171371.334913,1.1811142181114,20260722-101702-full-opcache.xml
8.4.1,opcache,native_host,1,1,0,0,128,0,8191,route_miss,,FastRoute,100,9,500,1800,1800.8888888889,1760,1844,22.092957371798,1.2267807030243,555281.34254689,555281.34254689,33316880.552813,1.7431705743171,20260722-101702-full-opcache.xml
8.4.1,opcache,native_host,1,1,0,0,128,0,8191,route_miss,,AltoRouter,100,9,500,60830,60901.555555556,60412,61550,367.99490066247,0.60424548651598,16419.941836917,16419.941836917,985196.51021502,58.949666594968,20260722-101702-full-opcache.xml
8.4.1,opcache,native_host,1,1,0,0,128,0,8191,route_miss,,"Illuminate Routing",100,9,500,2092386,2110332.8888889,2085540,2152694,28438.440277767,1.3475807739858,473.85888987709,473.85888987709,28431.533392625,2042.6969240697,20260722-101702-full-opcache.xml
8.4.1,opcache,native_host,1,1,0,0,128,0,8191,route_miss,,"Ariel Radix Router",1000,9,500,1004,1009.3333333333,988,1056,20.308728282304,2.0120932908491,990752.97225895,990752.97225895,59445178.335537,1,20260722-101702-full-opcache.xml
8.4.1,opcache,native_host,1,1,0,0,128,0,8191,route_miss,,"Symfony Routing",1000,9,500,1536,1535.5555555556,1502,1584,24.106758439681,1.5699046740747,651230.10130244,651230.10130244,39073806.078146,1.5213562307355,20260722-101702-full-opcache.xml
8.4.1,opcache,native_host,1,1,0,0,128,0,8191,route_miss,,FastRoute,1000,9,500,12164,12167.777777778,12010,12286,89.166233989951,0.73280623313812,82184.275408637,82184.275408637,4931056.5245182,12.05526199912,20260722-101702-full-opcache.xml
8.4.1,opcache,native_host,1,1,0,0,128,0,8191,route_miss,,AltoRouter,1000,9,500,619842,618996.88888889,613158,624720,3226.5695730724,0.52125780128946,1615.517004932,1615.517004932,96931.020295919,613.27300748571,20260722-101702-full-opcache.xml
8.4.1,opcache,native_host,1,1,0,0,128,0,8191,route_miss,,"Illuminate Routing",1000,9,500,20891900,20937446.444444,20717464,21234624,188005.25390951,0.89793783787515,47.761316197437,47.761316197437,2865.6789718462,20743.837296345,20260722-101702-full-opcache.xml
8.4.1,opcache,native_host,1,1,0,0,128,0,8191,route_miss,,"Ariel Radix Router",10000,9,500,998,1003.5555555556,996,1028,9.5581391856029,0.95242750963714,996457.04162972,996457.04162972,59787422.497783,1,20260722-101702-full-opcache.xml
8.4.1,opcache,native_host,1,1,0,0,128,0,8191,route_miss,,"Symfony Routing",10000,9,500,5392,5379.5555555556,5278,5472,72.936976007618,1.3558178785289,185888.9623265,185888.9623265,11153337.73959,5.3604960141716,20260722-101702-full-opcache.xml
8.4.1,opcache,native_host,1,1,0,0,128,0,8191,route_miss,,FastRoute,10000,9,500,105990,106237.33333333,105690,107542,597.94016794697,0.56283431557045,9412.8868696506,9412.8868696506,564773.21217904,105.86093888396,20260722-101702-full-opcache.xml
8.4.1,opcache,native_host,1,1,0,0,128,0,8191,route_miss,,AltoRouter,10000,9,500,13325272,13346767.777778,13197460,13526908,119275.85963246,0.89366850175554,74.92450731517,74.92450731517,4495.4704389102,13299.480735163,20260722-101702-full-opcache.xml
8.4.1,opcache,native_host,1,1,0,0,128,0,8191,route_miss,,"Illuminate Routing",10000,9,500,280797712,280790193.55556,278420392,282486428,1104476.2300191,0.3933457276529,3.5613779360928,3.5613779360928,213.68267616557,279795.36558901,20260722-101702-full-opcache.xml
8.4.1,opcache,native_host,1,1,0,0,128,0,8191,warm_dynamic_match,kind=single_parameter,FastRoute,10,9,1000,1085,1096.8888888889,1074,1147,26.751716225088,2.4388720221414,911669.36790923,911669.36790923,54700162.074554,1,20260722-101702-full-opcache.xml
8.4.1,opcache,native_host,1,1,0,0,128,0,8191,warm_dynamic_match,kind=single_parameter,"Symfony Routing",10,9,1000,1476,1485.4444444444,1432,1557,36.454266968997,2.4540983074349,673199.19216099,673199.19216099,40391951.529659,1.3542341977309,20260722-101702-full-opcache.xml
8.4.1,opcache,native_host,1,1,0,0,128,0,8191,warm_dynamic_match,kind=single_parameter,"Ariel Radix Router",10,9,1000,1590,1591.7777777778,1539,1644,27.47434268864,1.7260162236337,628228.39592349,628228.39592349,37693703.755409,1.4511750405186,20260722-101702-full-opcache.xml
8.4.1,opcache,native_host,1,1,0,0,128,0,8191,warm_dynamic_match,kind=single_parameter,AltoRouter,10,9,1000,2480,2474.2222222222,2429,2556,42.452006307196,1.7157717656043,404167.41512485,404167.41512485,24250044.907491,2.2556726094003,20260722-101702-full-opcache.xml
8.4.1,opcache,native_host,1,1,0,0,128,0,8191,warm_dynamic_match,kind=single_parameter,"Illuminate Routing",10,9,1000,12251,12167.333333333,11804,12469,207.67281959852,1.7068063634748,82187.277409459,82187.277409459,4931236.6445676,11.092585089141,20260722-101702-full-opcache.xml
8.4.1,opcache,native_host,1,1,0,0,128,0,8191,warm_dynamic_match,kind=single_parameter,FastRoute,100,9,1000,1103,1111.5555555556,1091,1136,16.214610086182,1.4587314151903,899640.14394239,899640.14394239,53978408.636543,1,20260722-101702-full-opcache.xml
8.4.1,opcache,native_host,1,1,0,0,128,0,8191,warm_dynamic_match,kind=single_parameter,"Symfony Routing",100,9,1000,1518,1524.5555555556,1492,1573,25.087009082219,1.6455293472777,655928.86815828,655928.86815828,39355732.089497,1.3715513794482,20260722-101702-full-opcache.xml
8.4.1,opcache,native_host,1,1,0,0,128,0,8191,warm_dynamic_match,kind=single_parameter,"Ariel Radix Router",100,9,1000,1578,1584.6666666667,1557,1636,26.259389854975,1.6570923341381,631047.53891459,631047.53891459,37862852.334875,1.4256297481007,20260722-101702-full-opcache.xml
8.4.1,opcache,native_host,1,1,0,0,128,0,8191,warm_dynamic_match,kind=single_parameter,AltoRouter,100,9,1000,7957,7969.6666666667,7910,8099,66.463022300625,0.83394983856236,125475.76226526,125475.76226526,7528545.7359153,7.1698320671729,20260722-101702-full-opcache.xml
8.4.1,opcache,native_host,1,1,0,0,128,0,8191,warm_dynamic_match,kind=single_parameter,"Illuminate Routing",100,9,1000,11857,11893.444444444,11729,12162,116.16378390599,0.97670430503632,84079.93198868,84079.93198868,5044795.9193208,10.69982007197,20260722-101702-full-opcache.xml
8.4.1,opcache,native_host,1,1,0,0,128,0,8191,warm_dynamic_match,kind=single_parameter,FastRoute,1000,9,1000,1112,1117,1090,1157,21.587033144923,1.9325902546932,895255.1477171,895255.1477171,53715308.863026,1,20260722-101702-full-opcache.xml
8.4.1,opcache,native_host,1,1,0,0,128,0,8191,warm_dynamic_match,kind=single_parameter,"Ariel Radix Router",1000,9,1000,1575,1579.2222222222,1551,1627,23.251178119627,1.4723183217944,633223.10560755,633223.10560755,37993386.336453,1.4138068238337,20260722-101702-full-opcache.xml
8.4.1,opcache,native_host,1,1,0,0,128,0,8191,warm_dynamic_match,kind=single_parameter,"Symfony Routing",1000,9,1000,1806,1810.7777777778,1783,1855,21.477521985026,1.1860937464885,552248.88016199,552248.88016199,33134932.809719,1.6211081269273,20260722-101702-full-opcache.xml
8.4.1,opcache,native_host,1,1,0,0,128,0,8191,warm_dynamic_match,kind=single_parameter,"Illuminate Routing",1000,9,1000,12373,12404.555555556,12173,12626,153.89975894221,1.2406712860686,80615.544468427,80615.544468427,4836932.6681056,11.105242216254,20260722-101702-full-opcache.xml
8.4.1,opcache,native_host,1,1,0,0,128,0,8191,warm_dynamic_match,kind=single_parameter,AltoRouter,1000,9,1000,63325,63330,62915,63719,241.46221236459,0.38127619195419,15790.304752882,15790.304752882,947418.2851729,56.696508504924,20260722-101702-full-opcache.xml
8.4.1,opcache,native_host,1,1,0,0,128,0,8191,warm_dynamic_match,kind=single_parameter,FastRoute,10000,9,1000,1131,1128.1111111111,1111,1143,12.206049906542,1.0819900439168,886437.50615582,886437.50615582,53186250.369349,1,20260722-101702-full-opcache.xml
8.4.1,opcache,native_host,1,1,0,0,128,0,8191,warm_dynamic_match,kind=single_parameter,"Ariel Radix Router",10000,9,1000,1608,1616.2222222222,1565,1695,37.873408372213,2.3433292681831,618726.79774509,618726.79774509,37123607.864706,1.4326799960603,20260722-101702-full-opcache.xml
8.4.1,opcache,native_host,1,1,0,0,128,0,8191,warm_dynamic_match,kind=single_parameter,"Symfony Routing",10000,9,1000,2297,2311,2240,2421,55.868894148115,2.4175203006541,432713.11120727,432713.11120727,25962786.672436,2.0485570767261,20260722-101702-full-opcache.xml
8.4.1,opcache,native_host,1,1,0,0,128,0,8191,warm_dynamic_match,kind=single_parameter,"Illuminate Routing",10000,9,1000,13219,13111.333333333,12837,13444,221.86081723058,1.6921300953164,76269.893730617,76269.893730617,4576193.623837,11.622377622377,20260722-101702-full-opcache.xml
8.4.1,opcache,native_host,1,1,0,0,128,0,8191,warm_dynamic_match,kind=single_parameter,AltoRouter,10000,9,1000,628383,629338.33333333,624830,638990,4536.5647796543,0.72084672732807,1588.9704266121,1588.9704266121,95338.225596725,557.86910272826,20260722-101702-full-opcache.xml
8.4.1,opcache,native_host,1,1,0,0,128,0,8191,warm_multiple_parameter_match,kind=multiple_parameters,FastRoute,10,9,1000,1470,1476.4444444444,1462,1525,17.920262343759,1.2137444392973,677302.82962073,677302.82962073,40638169.777244,1,20260722-101702-full-opcache.xml
8.4.1,opcache,native_host,1,1,0,0,128,0,8191,warm_multiple_parameter_match,kind=multiple_parameters,"Symfony Routing",10,9,1000,1786,1786.6666666667,1747,1827,23.636130534981,1.3229177538236,559701.4925373,559701.4925373,33582089.552238,1.2101143889224,20260722-101702-full-opcache.xml
8.4.1,opcache,native_host,1,1,0,0,128,0,8191,warm_multiple_parameter_match,kind=multiple_parameters,"Ariel Radix Router",10,9,1000,2193,2191,2123,2290,55.148284953689,2.517037195513,456412.59698768,456412.59698768,27384755.819261,1.483970499699,20260722-101702-full-opcache.xml
8.4.1,opcache,native_host,1,1,0,0,128,0,8191,warm_multiple_parameter_match,kind=multiple_parameters,AltoRouter,10,9,1000,6279,6280,6211,6393,48.164071441042,0.76694381275544,159235.66878981,159235.66878981,9554140.1273885,4.2534617700182,20260722-101702-full-opcache.xml
8.4.1,opcache,native_host,1,1,0,0,128,0,8191,warm_multiple_parameter_match,kind=multiple_parameters,"Illuminate Routing",10,9,1000,12328,12441.777777778,12228,12800,191.21993025936,1.5369180648838,80374.365935556,80374.365935556,4822461.9561334,8.4268512944014,20260722-101702-full-opcache.xml
8.4.1,opcache,native_host,1,1,0,0,128,0,8191,warm_multiple_parameter_match,kind=multiple_parameters,"Symfony Routing",100,9,1000,1817,1820.4444444444,1787,1888,32.765534436563,1.7998645625553,549316.40625001,549316.40625001,32958984.375001,1,20260722-101702-full-opcache.xml
8.4.1,opcache,native_host,1,1,0,0,128,0,8191,warm_multiple_parameter_match,kind=multiple_parameters,FastRoute,100,9,1000,2141,2147.7777777778,2113,2222,31.681672857691,1.475090821103,465597.51681324,465597.51681324,27935851.008794,1.1798095703125,20260722-101702-full-opcache.xml
8.4.1,opcache,native_host,1,1,0,0,128,0,8191,warm_multiple_parameter_match,kind=multiple_parameters,"Ariel Radix Router",100,9,1000,2170,2161.6666666667,2132,2191,23.607908279501,1.0921160345182,462606.01387817,462606.01387817,27756360.83269,1.1874389648438,20260722-101702-full-opcache.xml
8.4.1,opcache,native_host,1,1,0,0,128,0,8191,warm_multiple_parameter_match,kind=multiple_parameters,"Illuminate Routing",100,9,1000,12383,12396.222222222,12275,12502,81.921070112609,0.66085512702211,80669.738092252,80669.738092252,4840184.2855351,6.8094482421875,20260722-101702-full-opcache.xml
8.4.1,opcache,native_host,1,1,0,0,128,0,8191,warm_multiple_parameter_match,kind=multiple_parameters,AltoRouter,100,9,1000,38006,38027.777777778,37719,38542,247.78430484677,0.65158765335892,26296.566837107,26296.566837107,1577794.0102264,20.889282226563,20260722-101702-full-opcache.xml
8.4.1,opcache,native_host,1,1,0,0,128,0,8191,warm_multiple_parameter_match,kind=multiple_parameters,"Ariel Radix Router",1000,9,1000,2142,2141.8888888889,2104,2186,23.435227256061,1.0941383270454,466877.62618664,466877.62618664,28012657.571199,1,20260722-101702-full-opcache.xml
8.4.1,opcache,native_host,1,1,0,0,128,0,8191,warm_multiple_parameter_match,kind=multiple_parameters,"Symfony Routing",1000,9,1000,2132,2150.8888888889,2094,2249,53.734831336531,2.4982616077528,464924.06240314,464924.06240314,27895443.744188,1.0042018986357,20260722-101702-full-opcache.xml
8.4.1,opcache,native_host,1,1,0,0,128,0,8191,warm_multiple_parameter_match,kind=multiple_parameters,FastRoute,1000,9,1000,8067,8081.6666666667,7990,8204,65.797669664916,0.81415965763971,123736.85295937,123736.85295937,7424211.1775624,3.7731493489651,20260722-101702-full-opcache.xml
8.4.1,opcache,native_host,1,1,0,0,128,0,8191,warm_multiple_parameter_match,kind=multiple_parameters,"Illuminate Routing",1000,9,1000,12921,12921.333333333,12700,13231,140.94679847375,1.0908069224571,77391.394076981,77391.394076981,4643483.6446188,6.0326814338329,20260722-101702-full-opcache.xml
8.4.1,opcache,native_host,1,1,0,0,128,0,8191,warm_multiple_parameter_match,kind=multiple_parameters,AltoRouter,1000,9,1000,348469,348153.55555556,345270,349587,1282.4662101775,0.36836223261629,2872.2958132778,2872.2958132778,172337.74879667,162.54510556622,20260722-101702-full-opcache.xml
8.4.1,opcache,native_host,1,1,0,0,128,0,8191,warm_multiple_parameter_match,kind=multiple_parameters,"Ariel Radix Router",10000,9,1000,2165,2172.5555555556,2126,2215,24.594990958464,1.1320765029723,460287.42392471,460287.42392471,27617245.435482,1,20260722-101702-full-opcache.xml
8.4.1,opcache,native_host,1,1,0,0,128,0,8191,warm_multiple_parameter_match,kind=multiple_parameters,"Symfony Routing",10000,9,1000,5142,5161.5555555556,4996,5326,101.20398664865,1.9607264817623,193740.04391441,193740.04391441,11624402.634864,2.375799110111,20260722-101702-full-opcache.xml
8.4.1,opcache,native_host,1,1,0,0,128,0,8191,warm_multiple_parameter_match,kind=multiple_parameters,"Illuminate Routing",10000,9,1000,15812,15853.222222222,15700,16084,118.95263088752,0.75033724513604,63078.659087883,63078.659087883,3784719.545273,7.2970388175725,20260722-101702-full-opcache.xml
8.4.1,opcache,native_host,1,1,0,0,128,0,8191,warm_multiple_parameter_match,kind=multiple_parameters,FastRoute,10000,9,1000,71408,71396.555555556,70116,72644,827.81292990239,1.1594577966135,14006.277925017,14006.277925017,840376.67550099,32.862936633764,20260722-101702-full-opcache.xml
8.4.1,opcache,native_host,1,1,0,0,128,0,8191,warm_multiple_parameter_match,kind=multiple_parameters,AltoRouter,10000,9,1000,3630152,3677764.1111111,3614486,3790053,67788.301810275,1.8431933033844,271.90433366263,271.90433366263,16314.260019758,1692.8285685061,20260722-101702-full-opcache.xml
8.4.1,opcache,native_host,1,1,0,0,128,0,8191,warm_static_match,position=0,FastRoute,10,9,1000,581,584.33333333333,576,596,7.9302515022469,1.3571451515539,1711351.9680548,1711351.9680548,102681118.08329,1,20260722-101702-full-opcache.xml
8.4.1,opcache,native_host,1,1,0,0,128,0,8191,warm_static_match,position=0,AltoRouter,10,9,1000,697,701.11111111111,694,716,7.6513534669719,1.0913182441006,1426307.4484945,1426307.4484945,85578446.909667,1.1998478798251,20260722-101702-full-opcache.xml
8.4.1,opcache,native_host,1,1,0,0,128,0,8191,warm_static_match,position=0,"Symfony Routing",10,9,1000,911,914.66666666667,883,952,20.231987873991,2.2119520270399,1093294.4606414,1093294.4606414,65597667.638484,1.5653166001141,20260722-101702-full-opcache.xml
8.4.1,opcache,native_host,1,1,0,0,128,0,8191,warm_static_match,position=0,"Ariel Radix Router",10,9,1000,1123,1129.2222222222,1098,1163,18.653434463496,1.6518834022579,885565.28584081,885565.28584081,53133917.150449,1.9324966723711,20260722-101702-full-opcache.xml
8.4.1,opcache,native_host,1,1,0,0,128,0,8191,warm_static_match,position=0,"Illuminate Routing",10,9,1000,10773,10789.555555556,10710,10910,65.13253344973,0.60366280255347,92682.223549519,92682.223549519,5560933.4129712,18.464727134437,20260722-101702-full-opcache.xml
8.4.1,opcache,native_host,1,1,0,0,128,0,8191,warm_static_match,position=0.5,FastRoute,10,9,1000,578,583.11111111111,571,612,12.792744857444,2.1938777385098,1714939.0243902,1714939.0243902,102896341.46341,1,20260722-101702-full-opcache.xml
8.4.1,opcache,native_host,1,1,0,0,128,0,8191,warm_static_match,position=0.5,AltoRouter,10,9,1000,896,906.33333333333,890,934,16.505891204187,1.8211722549673,1103346.8186833,1103346.8186833,66200809.121001,1.554306402439,20260722-101702-full-opcache.xml
8.4.1,opcache,native_host,1,1,0,0,128,0,8191,warm_static_match,position=0.5,"Symfony Routing",10,9,1000,916,922.55555555556,903,962,17.455410565916,1.8920714813109,1083945.5618451,1083945.5618451,65036733.710707,1.5821265243903,20260722-101702-full-opcache.xml
8.4.1,opcache,native_host,1,1,0,0,128,0,8191,warm_static_match,position=0.5,"Ariel Radix Router",10,9,1000,1139,1143,1111,1197,24.426761280748,2.1370744777558,874890.63867017,874890.63867017,52493438.32021,1.9601753048781,20260722-101702-full-opcache.xml
8.4.1,opcache,native_host,1,1,0,0,128,0,8191,warm_static_match,position=0.5,"Illuminate Routing",10,9,1000,10582,10652.888888889,10468,10982,158.83075859714,1.4909641905944,93871.250365054,93871.250365054,5632275.0219032,18.269054878049,20260722-101702-full-opcache.xml
8.4.1,opcache,native_host,1,1,0,0,128,0,8191,warm_static_match,position=1,FastRoute,10,9,1000,581,582.33333333333,569,600,10.219806477837,1.7549753539503,1717229.536348,1717229.536348,103033772.18088,1,20260722-101702-full-opcache.xml
8.4.1,opcache,native_host,1,1,0,0,128,0,8191,warm_static_match,position=1,"Symfony Routing",10,9,1000,936,946,921,988,22.360679774998,2.3637082214585,1057082.4524313,1057082.4524313,63424947.145877,1.6244991413852,20260722-101702-full-opcache.xml
8.4.1,opcache,native_host,1,1,0,0,128,0,8191,warm_static_match,position=1,AltoRouter,10,9,1000,1175,1182.5555555556,1153,1230,23.065660436199,1.9504927551047,845626.23320489,845626.23320489,50737573.992293,2.0307193283725,20260722-101702-full-opcache.xml
8.4.1,opcache,native_host,1,1,0,0,128,0,8191,warm_static_match,position=1,"Ariel Radix Router",10,9,1000,1296,1305.1111111111,1268,1340,23.624114066608,1.8101228213815,766218.28707646,766218.28707646,45973097.224587,2.241175348216,20260722-101702-full-opcache.xml
8.4.1,opcache,native_host,1,1,0,0,128,0,8191,warm_static_match,position=1,"Illuminate Routing",10,9,1000,10773,10860.888888889,10694,11345,198.67027090939,1.8292266217053,92073.495109873,92073.495109873,5524409.7065924,18.650639190994,20260722-101702-full-opcache.xml
8.4.1,opcache,native_host,1,1,0,0,128,0,8191,warm_static_match,position=0,FastRoute,100,9,1000,589,589.11111111111,577,608,8.3459164258729,1.4166964887374,1697472.6518295,1697472.6518295,101848359.10977,1,20260722-101702-full-opcache.xml
8.4.1,opcache,native_host,1,1,0,0,128,0,8191,warm_static_match,position=0,AltoRouter,100,9,1000,696,698,694,707,4.4969125210774,0.64425680817727,1432664.756447,1432664.756447,85959885.386819,1.184835910977,20260722-101702-full-opcache.xml
8.4.1,opcache,native_host,1,1,0,0,128,0,8191,warm_static_match,position=0,"Symfony Routing",100,9,1000,916,921.77777777778,882,967,24.421201070553,2.6493588432375,1084860.1735776,1084860.1735776,65091610.414658,1.564692568842,20260722-101702-full-opcache.xml
8.4.1,opcache,native_host,1,1,0,0,128,0,8191,warm_static_match,position=0,"Ariel Radix Router",100,9,1000,1122,1128.8888888889,1108,1161,17.336182102082,1.5356854224285,885826.77165353,885826.77165353,53149606.299212,1.9162580158431,20260722-101702-full-opcache.xml
8.4.1,opcache,native_host,1,1,0,0,128,0,8191,warm_static_match,position=0,"Illuminate Routing",100,9,1000,10936,10921.555555556,10656,11138,163.31844225392,1.4953771138475,91562.048548229,91562.048548229,5493722.9128937,18.539041870993,20260722-101702-full-opcache.xml
8.4.1,opcache,native_host,1,1,0,0,128,0,8191,warm_static_match,position=0.5,FastRoute,100,9,1000,582,582.66666666667,571,596,8.5374989832438,1.4652458209228,1716247.1395881,1716247.1395881,102974828.37529,1,20260722-101702-full-opcache.xml
8.4.1,opcache,native_host,1,1,0,0,128,0,8191,warm_static_match,position=0.5,"Symfony Routing",100,9,1000,952,950.22222222222,926,978,19.458090449749,2.0477410435891,1052385.4069224,1052385.4069224,63143124.415342,1.6308161708619,20260722-101702-full-opcache.xml
8.4.1,opcache,native_host,1,1,0,0,128,0,8191,warm_static_match,position=0.5,"Ariel Radix Router",100,9,1000,1349,1341.6666666667,1287,1391,36.914315199752,2.7513775304163,745341.61490681,745341.61490681,44720496.894409,2.3026315789474,20260722-101702-full-opcache.xml
8.4.1,opcache,native_host,1,1,0,0,128,0,8191,warm_static_match,position=0.5,AltoRouter,100,9,1000,3638,3644.3333333333,3594,3748,46.868610675661,1.2860681608615,274398.60971371,274398.60971371,16463916.582823,6.2545766590388,20260722-101702-full-opcache.xml
8.4.1,opcache,native_host,1,1,0,0,128,0,8191,warm_static_match,position=0.5,"Illuminate Routing",100,9,1000,10755,10758.333333333,10589,10922,113.97855548791,1.0594443577498,92951.200619678,92951.200619678,5577072.0371807,18.463958810068,20260722-101702-full-opcache.xml
8.4.1,opcache,native_host,1,1,0,0,128,0,8191,warm_static_match,position=1,FastRoute,100,9,1000,582,588.44444444444,571,617,13.704104098255,2.3288696541596,1699395.7703928,1699395.7703928,101963746.22357,1,20260722-101702-full-opcache.xml
8.4.1,opcache,native_host,1,1,0,0,128,0,8191,warm_static_match,position=1,"Symfony Routing",100,9,1000,942,948.11111111111,929,977,16.64294608298,1.7553792891928,1054728.7003399,1054728.7003399,63283722.020391,1.6112160120846,20260722-101702-full-opcache.xml
8.4.1,opcache,native_host,1,1,0,0,128,0,8191,warm_static_match,position=1,"Ariel Radix Router",100,9,1000,1336,1319.4444444444,1286,1352,24.115974931849,1.8277370474665,757894.73684213,757894.73684213,45473684.210528,2.242258308157,20260722-101702-full-opcache.xml
8.4.1,opcache,native_host,1,1,0,0,128,0,8191,warm_static_match,position=1,AltoRouter,100,9,1000,6690,6738.2222222222,6653,6992,99.310710821898,1.4738414309694,148407.09715718,148407.09715718,8904425.8294308,11.450906344411,20260722-101702-full-opcache.xml
8.4.1,opcache,native_host,1,1,0,0,128,0,8191,warm_static_match,position=1,"Illuminate Routing",100,9,1000,10715,10719.666666667,10457,11011,146.2440881996,1.3642596616773,93286.482788641,93286.482788641,5597188.9673185,18.216956193354,20260722-101702-full-opcache.xml
8.4.1,opcache,native_host,1,1,0,0,128,0,8191,warm_static_match,position=0,FastRoute,1000,9,1000,586,589,577,611,11.925695879999,2.0247361426144,1697792.8692699,1697792.8692699,101867572.1562,1,20260722-101702-full-opcache.xml
8.4.1,opcache,native_host,1,1,0,0,128,0,8191,warm_static_match,position=0,AltoRouter,1000,9,1000,701,707.44444444444,697,733,11.480525647191,1.6228165670601,1413538.5581907,1413538.5581907,84812313.491441,1.2010941331824,20260722-101702-full-opcache.xml
8.4.1,opcache,native_host,1,1,0,0,128,0,8191,warm_static_match,position=0,"Symfony Routing",1000,9,1000,903,903.77777777778,884,926,14.163943093313,1.5671931133491,1106466.6830588,1106466.6830588,66388000.983526,1.5344274665158,20260722-101702-full-opcache.xml
8.4.1,opcache,native_host,1,1,0,0,128,0,8191,warm_static_match,position=0,"Ariel Radix Router",1000,9,1000,1110,1111.2222222222,1098,1128,10.151932249334,0.91358254418561,899910.00899912,899910.00899912,53994600.539947,1.8866251650632,20260722-101702-full-opcache.xml
8.4.1,opcache,native_host,1,1,0,0,128,0,8191,warm_static_match,position=0,"Illuminate Routing",1000,9,1000,10751,10777.333333333,10607,11290,192.84997047215,1.789403412769,92787.331436351,92787.331436351,5567239.886181,18.297679683078,20260722-101702-full-opcache.xml
8.4.1,opcache,native_host,1,1,0,0,128,0,8191,warm_static_match,position=0.5,FastRoute,1000,9,1000,578,583.77777777778,576,602,9.2948943903842,1.5921973641693,1712980.58622,1712980.58622,102778835.1732,1,20260722-101702-full-opcache.xml
8.4.1,opcache,native_host,1,1,0,0,128,0,8191,warm_static_match,position=0.5,"Symfony Routing",1000,9,1000,942,944.22222222222,930,958,9.0771725624445,0.96133858627913,1059072.7229936,1059072.7229936,63544363.379619,1.6174343357442,20260722-101702-full-opcache.xml
8.4.1,opcache,native_host,1,1,0,0,128,0,8191,warm_static_match,position=0.5,"Ariel Radix Router",1000,9,1000,1302,1300.4444444444,1266,1332,22.445544527496,1.7259902661267,768967.87423106,768967.87423106,46138072.453864,2.2276360867909,20260722-101702-full-opcache.xml
8.4.1,opcache,native_host,1,1,0,0,128,0,8191,warm_static_match,position=0.5,"Illuminate Routing",1000,9,1000,10673,10724.777777778,10590,10987,116.97936929009,1.090739330119,93242.025216786,93242.025216786,5594521.5130071,18.371336124858,20260722-101702-full-opcache.xml
8.4.1,opcache,native_host,1,1,0,0,128,0,8191,warm_static_match,position=0.5,AltoRouter,1000,9,1000,31558,31687.333333333,31352,32565,367.00711467521,1.1582139488183,31558.351391724,31558.351391724,1893501.0835034,54.279786829082,20260722-101702-full-opcache.xml
8.4.1,opcache,native_host,1,1,0,0,128,0,8191,warm_static_match,position=1,FastRoute,1000,9,1000,579,581.55555555556,573,592,5.7563705986616,0.98982299174541,1719526.1750095,1719526.1750095,103171570.50057,1,20260722-101702-full-opcache.xml
8.4.1,opcache,native_host,1,1,0,0,128,0,8191,warm_static_match,position=1,"Symfony Routing",1000,9,1000,957,956.33333333333,940,967,8.2462112512353,0.86227374533656,1045660.5088881,1045660.5088881,62739630.533287,1.6444401987008,20260722-101702-full-opcache.xml
8.4.1,opcache,native_host,1,1,0,0,128,0,8191,warm_static_match,position=1,"Ariel Radix Router",1000,9,1000,1557,1565.5555555556,1543,1626,24.509005651488,1.5655149103151,638750.88715399,638750.88715399,38325053.22924,2.6920137562095,20260722-101702-full-opcache.xml
8.4.1,opcache,native_host,1,1,0,0,128,0,8191,warm_static_match,position=1,"Illuminate Routing",1000,9,1000,10990,11027.888888889,10892,11278,126.53277523976,1.1473889201699,90679.187111464,90679.187111464,5440751.2266878,18.962743599542,20260722-101702-full-opcache.xml
8.4.1,opcache,native_host,1,1,0,0,128,0,8191,warm_static_match,position=1,AltoRouter,1000,9,1000,62237,62299.222222222,61727,63915,613.26915928358,0.98439296255745,16051.564760038,16051.564760038,963093.88560228,107.12514329385,20260722-101702-full-opcache.xml
8.4.1,opcache,native_host,1,1,0,0,128,0,8191,warm_static_match,position=0,FastRoute,10000,9,1000,586,592.11111111111,576,617,14.578861748317,2.4621834440768,1688872.2086695,1688872.2086695,101332332.52017,1,20260722-101702-full-opcache.xml
8.4.1,opcache,native_host,1,1,0,0,128,0,8191,warm_static_match,position=0,AltoRouter,10000,9,1000,709,708.77777777778,697,717,5.9400295131661,0.83806655617643,1410879.4481894,1410879.4481894,84652766.891362,1.1970350910115,20260722-101702-full-opcache.xml
8.4.1,opcache,native_host,1,1,0,0,128,0,8191,warm_static_match,position=0,"Symfony Routing",10000,9,1000,906,907.88888888889,890,931,12.004114520951,1.3222008406383,1101456.3700893,1101456.3700893,66087382.20536,1.5333083130043,20260722-101702-full-opcache.xml
8.4.1,opcache,native_host,1,1,0,0,128,0,8191,warm_static_match,position=0,"Ariel Radix Router",10000,9,1000,1123,1127,1114,1147,9.6148034012373,0.85313251120118,887311.44631766,887311.44631766,53238686.779059,1.9033589791706,20260722-101702-full-opcache.xml
8.4.1,opcache,native_host,1,1,0,0,128,0,8191,warm_static_match,position=0,"Illuminate Routing",10000,9,1000,10804,10930.111111111,10692,11320,227.52457471395,2.0816309404454,91490.378261887,91490.378261887,5489422.6957132,18.459560893226,20260722-101702-full-opcache.xml
8.4.1,opcache,native_host,1,1,0,0,128,0,8191,warm_static_match,position=0.5,FastRoute,10000,9,1000,577,577.55555555556,571,591,5.6196304961786,0.97300258687201,1731435.1673721,1731435.1673721,103886110.04232,1,20260722-101702-full-opcache.xml
8.4.1,opcache,native_host,1,1,0,0,128,0,8191,warm_static_match,position=0.5,"Symfony Routing",10000,9,1000,957,959.55555555556,939,996,16.912264524836,1.7625101982807,1042149.1431218,1042149.1431218,62528948.587309,1.6614082339361,20260722-101702-full-opcache.xml
8.4.1,opcache,native_host,1,1,0,0,128,0,8191,warm_static_match,position=0.5,"Ariel Radix Router",10000,9,1000,1595,1598.6666666667,1553,1634,26.157641755751,1.6362161231704,625521.26772309,625521.26772309,37531276.063385,2.7679876875722,20260722-101702-full-opcache.xml
8.4.1,opcache,native_host,1,1,0,0,128,0,8191,warm_static_match,position=0.5,"Illuminate Routing",10000,9,1000,11034,11034.333333333,10852,11212,116.19906291456,1.0530682679627,90626.227230163,90626.227230163,5437573.6338098,19.105232781838,20260722-101702-full-opcache.xml
8.4.1,opcache,native_host,1,1,0,0,128,0,8191,warm_static_match,position=0.5,AltoRouter,10000,9,1000,313133,314946.44444444,309449,321691,4136.1947920794,1.3133009961028,3175.143004913,3175.143004913,190508.58029478,545.30934974989,20260722-101702-full-opcache.xml
8.4.1,opcache,native_host,1,1,0,0,128,0,8191,warm_static_match,position=1,FastRoute,10000,9,1000,586,595.22222222222,575,622,19.406629896781,3.2604007666796,1680044.8011947,1680044.8011947,100802688.07168,1,20260722-101702-full-opcache.xml
8.4.1,opcache,native_host,1,1,0,0,128,0,8191,warm_static_match,position=1,"Symfony Routing",10000,9,1000,941,940,926,957,11.450376024878,1.2181251090296,1063829.787234,1063829.787234,63829787.234043,1.579242113123,20260722-101702-full-opcache.xml
8.4.1,opcache,native_host,1,1,0,0,128,0,8191,warm_static_match,position=1,"Ariel Radix Router",10000,9,1000,1312,1324.2222222222,1286,1367,25.415558567223,1.9192819861135,755160.2617889,755160.2617889,45309615.707334,2.2247526600709,20260722-101702-full-opcache.xml
8.4.1,opcache,native_host,1,1,0,0,128,0,8191,warm_static_match,position=1,"Illuminate Routing",10000,9,1000,10730,10755.333333333,10588,11054,155.15726788577,1.4426077098411,92977.127626607,92977.127626607,5578627.6575964,18.069441851782,20260722-101702-full-opcache.xml
8.4.1,opcache,native_host,1,1,0,0,128,0,8191,warm_static_match,position=1,AltoRouter,10000,9,1000,655523,648953.77777778,630206,680503,15968.369476199,2.4606327943539,1540.9417962313,1540.9417962313,92456.50777388,1090.2714205712,20260722-101702-full-opcache.xml
